user,email
Sunnyå°å¤ªé™½,sunny.luv99@gmail.com
å°ç†Šè»Ÿç³–,gummybear.heart@gmail.com
è—è‰²æ˜ŸæœŸå¤©,blue.sunday888@gmail.com
æœˆå…‰æ—…äºº,moonwalker.ray@gmail.com
è²“ç³»ç”·å‹,catboy.chill@gmail.com
ç”œå¿ƒçˆ†ç±³èŠ±,sweetpop.cornie@gmail.com
é­šä¹¾å¥³å­©,fishsnack.girlz@gmail.com
å°å®‡å®™çˆ†ç™¼ä¸­,tinyuniverse.explode@gmail.com
å’–å•¡å¥¶è“‹,milkteacoffee22@gmail.com
éº¥èŠ½ç³–çš„å¤¢,malt.dreamzz@gmail.com
ç†±å¯å¯åŠ æ£‰èŠ±ç³–,hotcocoa.mallow@gmail.com
é¹½ç³»ç”·å­,salt.vibe.boy@gmail.com
åˆå¾ŒæŸšå­èŒ¶,yuzu.tea.time@gmail.com
é–ƒé›»å–µ,zapcat.11@gmail.com
å¥¶æ²¹è‰è“,creamyberry2025@gmail.com
æµ·é¾œæ…¢æ…¢æ¸¸,turtle.slowly@gmail.com
å½©è™¹è˜‡æ‰“,rainbow.soda.fun@gmail.com
ç¨è§’ç¸ä¸‹ç­äº†,unicorn.offduty@gmail.com
é–±è®€ç³»å¥³å­©,reader.graceful@gmail.com
æ‡¶æ´‹æ´‹æŸ¯åŸº,lazycorgi.zzz@gmail.com
å°ç‚¸è¦ä¸è¦è¾£,shrimp.tempura.nochili@gmail.com
éœéœè½é›¨,listen.rain.silent@gmail.com
æ˜Ÿæ˜Ÿçœ¼ğŸ‘€,sparkle.eyes88@gmail.com
ä¸€ç¢—é™½æ˜¥éºµ,noodle.simplelife@gmail.com
æ²‰è¿·è²“å’ªä¸­,cataddict.daily@gmail.com
æ‰é€²å¥¶æ²¹æµ·,creamyocean.333@gmail.com
æ„›ç¬‘çš„çœ¼ç›,smiley.eyez@gmail.com
å‰ä»–èˆ‡ä½ ,guitar.with.you@gmail.com
å¥¶èŒ¶åŠ çç ,bubbletea.lover777@gmail.com
æ·±å¤œé›»å°DJ,latenight.djvoice@gmail.com
è‰åŸä¸Šçš„é¢¨,prairie.breeze01@gmail.com
æº«æŸ”æš´é¾,gentle.trex23@gmail.com
å°å¤œç‡ˆå®ˆè­·è€…,nightlamp.guardian@gmail.com
æ˜Ÿç©ºæ‰“å­—æ©Ÿ,starytypewriter01@gmail.com
å¤–æ˜Ÿä¾†çš„é˜¿å‰,alienaji.2025@gmail.com
å†°æ·‡æ·‹å¿«èåŒ–äº†,melting.icecream88@gmail.com
ç¬‘å‡ºä¾†å°±è¼¸äº†,no.laugh.challenge@gmail.com
è¢«è²“è€½èª¤çš„äººé¡,catfirst.humanlater@gmail.com
å°ç‹å­çš„ç«ç‘°,littleprince.rose@gmail.com
æ˜¯æˆ‘åœ¨ç™¼å‘†,zoningout.me@gmail.com
ç³–æœç³»æˆ€äºº,candy.loverz@gmail.com
åœ“æ»¾æ»¾å°åˆºèŸ,round.hedgie33@gmail.com
åŠç³–å»å†°,halfsugar.nice@gmail.com
æ¯å¤©éƒ½æƒ³è³´åºŠ,bedlover.daily@gmail.com
å°é¹¿äº‚æ’,deer.in.heart@gmail.com
æ‰‹æ–æ§,teashake.addict@gmail.com
é›²ç«¯æ¼«æ­¥,cloud.walker99@gmail.com
é›»å½±ç³»ç”·å­©,movieboy.talks@gmail.com
å’–å“©é£¯åŠ è›‹,curry.with.eggz@gmail.com
ç´”æƒ…é¦¬éˆ´è–¯,potato.purelove@gmail.com
å°ç‹ç‹¸ä¸ç¡è¦º,sleepless.foxie@gmail.com
æ°£æ³¡æ°´æˆ€äºº,fizzy.lover88@gmail.com
èŠåˆ°å¤©è’åœ°è€,chat.foreverz@gmail.com
æ¯å¤©éƒ½æƒ³æˆ€æ„›,loveeveryday.me@gmail.com
çš®å¡ä¸˜æ”¾é›»ä¸­,pikapika.zapzap@gmail.com
ä¸€èµ·èµ°åˆ°å¤œæ·±,walk.night.together@gmail.com
å°ç« é­šæœƒæ’’å¬Œ,clingyoctopus22@gmail.com
è—è“æ´¾çš„åˆå¾Œ,blueberry.piepm@gmail.com
ç”œåˆ°ä½ å¿ƒè£¡,sugarheart.inside@gmail.com
æ—©åˆé¤ç³»äººé¡,brunchlover.88@gmail.com
æœ‰é»å®³ç¾çš„æˆ‘,shy.shy.mee@gmail.com
æ‰‹æ»‘åŠ åˆ°ä½ ,acci.add.u@gmail.com
æ‚„æ‚„æƒ³ä½ ,miss.u.silent@gmail.com
æ˜¯æˆ‘ä¸å¤ å¯æ„›å—,am.i.cute.enough@gmail.com
é¦™è•‰èˆ¹å‡ºèˆªå›‰,banana.boat.gogo@gmail.com
å°ä¼éµä¸Šå²¸å•¦,penguin.comesland@gmail.com
ç™½æ—¥å¤¢ä¸­,daydream.me22@gmail.com
å™—é€šå™—é€šå¿ƒè·³,heartbeat.ptpt@gmail.com
å°è±¬æ„›å†’éšª,piggy.adventure88@gmail.com
æ˜Ÿæ˜Ÿæ‰ä¸‹ä¾†äº†,falling.star.now@gmail.com
è²“æŒè»Ÿç¶¿ç¶¿,soft.paw.touch@gmail.com
æ²’é—œä¿‚æˆ‘æ‡‚,i.get.u.99@gmail.com
å½©è™¹å¾Œçš„ä½ ,afterrainbow.you@gmail.com
å°è—é¯¨æƒ³æˆ€æ„›,bluelove.whale@gmail.com
å°ç¶ è±†çš„æ—¥å¸¸,greendaily.bean@gmail.com
èƒ–ä¸æ–æ–æ–,jiggle.jiggly99@gmail.com
ç¡ä¸é£½ä¿±æ¨‚éƒ¨,sleepyclub.zzz@gmail.com
æ˜¯èª°åœ¨å‘¼å–šæˆ‘,who.calling.me@gmail.com
èƒ–è™å…¶å¯¦å¾ˆæš–,giantsoft.heart@gmail.com
æœ‰è²“çš„æ—¥å­,days.with.cat@gmail.com
æœ¨æ˜Ÿæ—…è¡Œè€…,jupiter.traveller@gmail.com
å•¤é…’èˆ‡æ–æ»¾,beer.rock.vibes@gmail.com
èœœæ¡ƒå¥³å­©,peachy.gurl66@gmail.com
æœˆäº®ä¸Šç·šä¸­,moon.onlinee@gmail.com
ç´…è±†æ³¥ä¸æ˜¯ä½ ,wrong.redbean@gmail.com
ç„¡ç³–æ‰å¥åº·,no.sugar.baby@gmail.com
æ¤ç‰©ç³»æˆ€äºº,leafy.romance@gmail.com
é›¨å¤©ä¸å¸¶å‚˜,no.umbrella.day@gmail.com
ç†¬å¤œä¸Šç™®è€…,nightowl.zzz@gmail.com
è½èªªä½ ä¹Ÿå–®èº«,rumor.singletoo@gmail.com
æ˜¯ä¸æ˜¯å¤ªå¿«å–œæ­¡ä½ ,too.quick.love@gmail.com
èƒ¡æ€äº‚æƒ³ä¸­,overthinkingme@gmail.com
è²“çœ¼çŸ³é–ƒé–ƒ,catseye.shiny@gmail.com
é›ªèŠ±ç‰›ä¹³ç³–,snowmilk.candy@gmail.com
å–µä¸€è²å°±æ‡‚,meowandknow@gmail.com
å®‰éœåˆ°è¢«èª¤æœƒ,misunderstood.quiet@gmail.com
ä»Šå¤©ä¹Ÿæƒ³ä½ ,miss.u.again@gmail.com
æƒ³å’Œä½ å»çœ‹æµ·,beach.date.me@gmail.com
è‰è“å…”å…”,strawberry.bunny88@gmail.com
é‡è¦‹ä½ å‰›å‰›å¥½,found.u.perfect@gmail.com
é…·åˆ°æ²’æœ‹å‹,so.cool.solo@gmail.com
å•¾ä¸€å£å¥½å–œæ­¡,kiss.u.lots@gmail.com
é¯¨é­šèªªæ—©å®‰,whale.morning99@gmail.com
ç…é¤ƒä¸æ²¾é†¬,drydumpling88@gmail.com
å°æ˜Ÿçƒè½‰å•Šè½‰,planet.spinning22@gmail.com
ä¸æ˜¯æ•…æ„å¯æ„›,not.purpose.cute@gmail.com
é€±æœ«é™å®šæˆ€äºº,weekend.loverz@gmail.com
èŠ’æœæ§ä¸€è™Ÿ,mango.love1@gmail.com
æœƒç…®é£¯çš„ç”·å‹,cook.boyfriend88@gmail.com
ä¸‹é›¨æƒ³ä½ äº†,rain.missyou@gmail.com
æ­£åœ¨è½ç›§å»£ä»²,crowd.lu.fan99@gmail.com
èªªè¬Šå˜´æœƒç—›,honest.heart88@gmail.com
ç™¼å‘†å† è»,zoning.champ@gmail.com
å¤§æ™´å¤©çš„ä½ ,sunny.youuu@gmail.com
è²“å’ªä»£è¨€äºº,cat.spokes99@gmail.com
ç­‰ç´…ç‡ˆæ»‘åˆ°ä½ ,match.redlight@gmail.com
æŠ¹èŒ¶æ‹¿éµæ§,matcha.latte777@gmail.com
é¼»éŸ³é‡çš„å‘Šç™½,nasal.confess@gmail.com
è¨å­ä¸‹é›¨å¤©,hate.rainnydays@gmail.com
é»åˆ°ä½ äº†å•¦,u.called88@gmail.com
å£è¢‹è£æ»¿å¿«æ¨‚,happy.in.pocket@gmail.com
æ·±å¤œæƒ³åƒé¹¹é…¥é›,late.night.fried@gmail.com
é›»é¢¨æ‰‡æ–ä¾†æ–å»,fan.swing99@gmail.com
éŒ¯éå°±æ²’äº†,no.second.chance@gmail.com
æ›–æ˜§ä¸æ˜ç¢º,vague.lovestory@gmail.com
æœˆè€å¿«å‡ºç¾,godoflove.plz@gmail.com
æ¯å¤©ç¡åˆ°ä¸­åˆ,sleep.noonlover@gmail.com
æˆ‘åœ¨ç­‰ä¸€å€‹äºº,waiting.someone88@gmail.com
ä½ å‰›å‰›æœ‰ç¬‘å—,u.smile.now@gmail.com
æ„›ç¬‘çš„é›™å­åº§,gemini.laughs@gmail.com
å¥¶æ²¹ç³»ç”·å­©,butter.boy88@gmail.com
ä¸€æ¯ç¶ èŒ¶ä¸åŠ ç³–,unsweet.greentea@gmail.com
å®‰éœåˆ°ä½ ç™¼ç¾,quiet.until.u@gmail.com
é€£å‡éƒ½åœ¨ä¸Šç­,work.no.holiday@gmail.com
ä»Šå¤©ç©¿è—è‰²,bluefit.daily@gmail.com
çŸ­é«®æ§è«‹é€²,short.hair.fan@gmail.com
ä¸å›è¨Šæ¯ä½†æƒ³ä½ ,missu.no.reply@gmail.com
å°åŠ‡å ´å°ˆæ¥­æˆ¶,inner.dramaqueen@gmail.com
è·‘æ­¥é…éŸ³æ¨‚,run.with.sound@gmail.com
ç„¡ç³–ä½†ç”œ,sugarless.sweet@gmail.com
ä¿®ä½†å¹¾å‹’,funny.twslang@gmail.com
ç™½é–‹æ°´ä¹Ÿå¾ˆé¦™,waterloverzz@gmail.com
æŠŠä½ æ”¾å¿ƒä¸Š,u.on.mind88@gmail.com
æµ·é¢¨ä¹Ÿæƒ³ä½ ,seabreeze.missu@gmail.com
å…¨ç³–å‘½ä¸­æ³¨å®š,destiny.sugarfull@gmail.com
ä¸€èµ·è²·å®µå¤œå—,snack.date.now@gmail.com
å–œæ­¡ä½ ä¸åˆ†å­£ç¯€,everlove.u88@gmail.com
æ‹–å»¶ç—‡æ™šæœŸ,deadline.survivor@gmail.com
èµ°éŒ¯è·¯é‡è¦‹ä½ ,lost.found.u@gmail.com
ç©¿æ‹–é‹èµ°å…¨æ ¡,slipper.walker@gmail.com
ç„¡åæŒ‡åœ¨ç­‰ä½ ,ringme.love@gmail.com
æ—©å…«ç¡æ­»,dead.earlyclass@gmail.com
æ–‡é’ä½†è¿·è·¯,hipster.lost99@gmail.com
è€ƒè©¦éƒ½çŒœB,choose.b.always@gmail.com
æ‘©å¡åŠ é›™å€å¥¶,mocha.doublemilk@gmail.com
æ¼‚æµåˆ°ä½ å¿ƒè£¡,adrift.toyou@gmail.com
çœ‹è¦‹ä½ æœ‰é»æ…Œ,u.make.me.shy@gmail.com
å¤å¤©çš„æ±½æ°´å‘³,soda.summer95@gmail.com
æ„›ä¸Šä½ çš„èƒŒå½±,backview.luv@gmail.com
æ‰é€²ä½ çœ¼ç¥è£¡,eyetrap.lover@gmail.com
å†æ»‘å°±æ²’é›»äº†,low.battery.date@gmail.com
æƒ³åƒä½ ç…®çš„é£¯,cookforme.babe@gmail.com
è€³æ©Ÿä¸€æˆ´ä¸èªªè©±,earphone.mode88@gmail.com
å‡ºé–€ä¸€å®šè¿·è·¯,always.lost99@gmail.com
æµªæ¼«æ²’åœ¨æ€•,romance.ready88@gmail.com
æˆ‘è²“å«å’ªå’ª,mimi.cat.me@gmail.com
ä½ å°±æ˜¯å°å¤ªé™½,u.my.sunny@gmail.com
æœŸä¸­çˆ†è‚äºº,midterm.hell@gmail.com
ç¬‘é»ä½æ‚£è€…,laugh.easy88@gmail.com
è–¯æ¢è¦æ²¾é†¬,dip.my.fries@gmail.com
æˆ‘æ²’å¾ˆå¯æ„›å—,cute.enough88@gmail.com
ä½ å›æˆ‘æˆ‘å°±å‘Šç™½,reply.confess.me@gmail.com
ä¸æœƒç…®ä½†æƒ³å­¸,wannabe.chef88@gmail.com
å–œæ­¡æ‰“ç¾½çƒ,badminton.love@gmail.com
èº²åœ¨åœ–æ›¸é¤¨,hide.library@gmail.com
èªªæ—©å®‰å°±æˆ€æ„›,gm.inlove88@gmail.com
ç¡é†’è¨˜å¾—æˆ‘,wake.seeme@gmail.com
æœ‰ç©ºå¯ä»¥èŠå¤©å—,chat.ifree@gmail.com
æœˆå…‰ä¸‹ç­‰ä½ ,moonlight.waitu@gmail.com
æˆ´çœ¼é¡çš„æˆ€äºº,glasses.luv99@gmail.com
æˆ‘çš„è²“å«é˜¿è²¡,cat.acai88@gmail.com
è¢«ä½ è²éŸ³æ”¶æœ,voice.tame.me@gmail.com
ä¸€å£çå¥¶æ›ä½ å¾®ç¬‘,boba4smile@gmail.com
éŸ³æ¨‚åŠ‡å ´ç™¡,musical.fanatic88@gmail.com
æœƒæ‰“å­—ä½†æ‰“ä¸é€²ä½ å¿ƒ,keyboard.fail.heart@gmail.com
ä½ å®¶è²“åœ¨çœ‹æˆ‘,yourcat.staring@gmail.com
é€±æœ«æ‡¶äººåŒ…,weekend.lazybox@gmail.com
çµ¦ä½ æœ€å¾Œä¸€æ ¹è–¯æ¢,lastfries4u@gmail.com
å’•åš•å’•åš•è‚šå­å«,hungry.belly88@gmail.com
ä½ æ‰äº†é€™å€‹è®š,u.drop.like@gmail.com
æ–ä¾†æ–å»çš„éˆé­‚,shaky.soul99@gmail.com
æ˜¯èª°å·èµ°æˆ‘å¿ƒ,stolen.heart.u@gmail.com
æˆ‘ä¸æ˜¯æ©Ÿå™¨äºº,not.a.bot88@gmail.com
å‡è£è·¯é,passby.fake@gmail.com
æˆ‘å°±ç«™ä½ éš”å£,next2u.now@gmail.com
æˆ‘å•ä½ æ•¢ä¸æ•¢,dare.you.date@gmail.com
æŠŠä½ å­˜é€²æœ€æ„›,fav.u.forever@gmail.com
é€™é¡Œæˆ‘ä¸æœƒ,idk.thisone@gmail.com
è€ƒå®Œå¸¶æˆ‘èµ°,afterexam.date@gmail.com
ä½ æ‰“å­—å¥½å¯æ„›,cute.typer.u@gmail.com